titre,aut.nom,prix
"Ugly Duckling and Me!, The",Grunwald,"50,10"
In Time,Blaschek,"76,90"
R.S.V.P. ,Cumesky,"69,23"
The Cheat,Usmar,"80,17"
Thunder Rock,Fagge,"36,56"
Sparrows,Flagg,"23,86"
Zack and Miri Make a movie,Hargey,"71,69"
Aaltra,MacCrackan,"96,46"
Eloise at Christmastime,Naisbet,"49,25"
"Emperor Waltz, The",Oliva,"44,40"
Outrage (Autoreiji),Magner,"31,05"
Bilitis,Twinning,"60,09"
"Condemned, The",Gutans,"24,95"
Castles in the Sky,Free,"40,60"
Contract Killers,Darko,"19,64"
Gung Ho! (Gung Ho!: The Story of Carlson's Makin Island Raiders),Venditto,"92,47"
"Nanny Diaries, The",Gabbett,"73,63"
Invasion of Astro-Monster (Godzilla vs. Monster Zero) (Kaija daisensa),Edmand,"15,20"
XXY,Adelman,"74,91"
"Amelie (Fabuleux destin d'Amlie Poulain, Le)",Laidler,"72,10"
People on Sunday (Menschen am Sonntag),Romer,"73,87"
Thin Ice,Ivetts,"24,13"
For Love or Country: The Arturo Sandoval Story,Maxweell,"11,76"
"Place Beyond the Pines, The",Phinnessy,"80,94"
Video Games: The Movie,Coweuppe,"18,77"
Romy and Michele: In the Beginning,Carluccio,"46,55"
Pluto's Christmas Tree,Cartmale,"89,86"
Lucky Break,Medlin,"81,76"
6 Bullets,Ellit,"76,01"
"Underground Comedy Movie, The",Brooker,"48,42"
Jay-Z: Made in America,Grewe,"40,31"
At Midnight I'll Take Your Soul (a Meia-Noite Levarei Sua Alma),Kyte,"47,82"
Campfire Tales,Douglas,"78,63"
Honeymoon,Cooksley,"16,86"
Combien Tu M'aimes? (How Much Do You Love Me?),Banbridge,"56,30"
It Might Get Loud,O'Flaherty,"40,27"
Iris,Nobes,"45,27"
Safe Men,Widdup,"67,16"
Blind,Gladstone,"36,98"
Longtime Companion,Matonin,"63,73"
Jim Jefferies: Fully Functional (EPIX),Salsberg,"67,87"
Our Fathers,Crowd,"81,13"
Nature Calls,Boner,"48,92"
Far from Home,Beiderbecke,"78,44"
Memphis Belle,Hadwick,"47,05"
Love's Deadly Triangle: The Texas Cadet Murder,Trahearn,"18,74"
Copying Beethoven,Sissons,"69,38"
Harmony and Me,Arstingall,"44,32"
Biloxi Blues,Curman,"38,61"
Crooks in Clover (a.k.a. Monsi Gangster) (Les tontons flingus),Jeanel,"31,80"
Fightville,Coombes,"72,55"
Patema Inverted,Furze,"92,97"
High School,Valti,"61,68"
Nim's Island,Fetherstonhaugh,"75,09"
"Loveless, The (Breakdown)",Leadbeater,"60,31"
Korso,Rope,"76,14"
Song of the South,Asgodby,"39,39"
"Few Good Men, A",Elcock,"97,60"
Hell to Eternity,Koppelmann,"24,29"
Brave New World,Kenealy,"73,77"
"Deceivers, The",Jozef,"16,78"
Think Like a Man,Seabrooke,"30,65"
Off Beat,Capper,"74,67"
Little Lili (La petite Lili),Rothschild,"97,96"
"Girl, The",Janus,"68,33"
"Big Heat, The",Buddell,"76,60"
Mission Congo,Squibb,"53,45"
Moonlight Serenade,Tidder,"39,94"
Bomb It,Slight,"62,71"
Michael Laudrup - en Fodboldspiller,Songist,"11,60"
"Otra Familia, La",Bertomeu,"34,24"
Becket,Larner,"55,84"
Bright Leaves,Ivic,"98,37"
Peanuts - Die Bank zahlt alles,Gouldeby,"77,38"
Crazy Beautiful You,Adderson,"48,03"
Shooting Dogs (a.k.a. Beyond the Gates),Latter,"63,21"
Nurse 3D,Brizland,"19,76"
"Lonely Passion of Judith Hearne, The",Adicot,"21,06"
"Die Bademeister – Weiber, saufen, Leben retten",Rumble,"28,95"
"River Why, The",Deare,"12,58"
I Was A Communist for the FBI,Beeton,"63,73"
Good Advice,Knappen,"34,77"
"Titfield Thunderbolt, The",Jojic,"56,07"
"Shout, The",Westwell,"78,76"
Prayers for Bobby,Jefferd,"82,22"
Skies Above the Landscape (Nebo iznad krajolika),Geram,"69,58"
"Mysterious Geographic Explorations of Jasper Morello, The",Bennoe,"44,11"
Turistas,Southard,"11,08"
Wyoming Renegades,Gremain,"91,96"
"Silence of the Lambs, The",Valance,"65,30"
The Virginian,Janisson,"86,99"
"Wankers, The (Les branleuses)",Enocksson,"75,03"
"Dust Factory, The",Barfford,"86,00"
"Riddle of the Sands, The",Tomasicchio,"17,20"
Wrong Turn 5: Bloodlines,Scouler,"41,11"
Homefront,Paraman,"11,89"
"Night in Casablanca, A",Ashment,"89,20"
Gray Lady Down,Mor,"98,32"
"Serious Man, A",Sheeran,"14,40"
"Last Temptation of Christ, The",Daile,"24,57"
"World, The (Shijie)",Bolter,"53,40"
Enchantment,Caven,"43,07"
Dennis the Menace,Knights,"27,02"
Smoke Signals,Polk,"32,16"
Trippin',Peye,"81,80"
Don't Be a Menace to South Central While Drinking Your Juice in the Hood,Seel,"20,68"
All the Colors of the Dark,Trickey,"96,83"
"Love Nest, The",Bickle,"17,67"
Ararat,Fritschel,"73,65"
Cop and ½,Dregan,"90,89"
"Fort Apache, the Bronx",Eivers,"22,49"
Earth to Echo,Lernihan,"84,28"
Geography Club,Pitchers,"73,14"
"Ballad of Narayama, The (Narayama bushiko)",Kettel,"70,66"
"Good German, The",Zettler,"30,95"
Dracula Has Risen from the Grave,Escalera,"27,90"
Accattone,Rowth,"51,71"
Hands Over the City (Le mani sulla citta),Bingall,"54,94"
Clandestine Childhood,Foch,"21,57"
Mega Shark vs. Giant Octopus,Seleway,"63,72"
"Batman: The Dark Knight Returns, Part 2",Barham,"89,94"
"Ah of Life, The",Martino,"90,05"
Green Tea (La cha),Chantler,"42,31"
Plaza Suite,Scraggs,"29,17"
Machine Gun Kelly,Benham,"13,36"
Sandra of a Thousand Delights (Vaghe stelle dell'Orsa...),Seagood,"91,71"
101 Dalmatians,McCalum,"89,02"
Ana and the Others (Ana y los otros),Thirsk,"84,21"
Dancing Lady,Thirlwell,"24,74"
Bright Young Things,Izard,"24,50"
Arachnophobia,Eliot,"72,95"
Take Me Home Tonight,Blakeman,"55,33"
Everything,Pruce,"75,87"
Weekend at Bernie's,Ringrose,"94,49"
Desert Blue,Loadsman,"90,22"
Bombay Beach,Boxen,"45,80"
Valhalla Rising,Van der Merwe,"51,63"
Heathers,Carnier,"33,67"
"Tuesday, After Christmas (Marti, dupa craciun)",Wellington,"72,28"
"Adventures of Elmo in Grouchland, The",Sleaford,"30,18"
Educating Rita,Menhci,"78,31"
Revolver,Starking,"68,84"
Barefoot in the Park,Attridge,"76,72"
Trapped in Paradise,Havard,"31,38"
Freud: The Secret Passion,Lesek,"90,19"
Road Kill (a.k.a. Road Train),Elmes,"64,05"
"Cat from Outer Space, The",Waywell,"14,74"
Season's Greetings,Hursthouse,"28,21"
Double Solitaire,Thame,"42,39"
Night at the Museum: Secret of the Tomb,Stockford,"88,76"
Step Up All In,Stonuary,"94,13"
"Lion King II: Simba's Pride, The",Rivaland,"47,26"
Miss Congeniality,Estcot,"61,11"
Disorganized Crime,Mixworthy,"57,94"
Our Music (Notre musique),Treves,"85,55"
Out of Reach,Field,"53,33"
Born to Kill,Fine,"52,79"
Amazon Jack 2: The Movie Star (a.k.a. Hugo the Movie Star) (Jungledyret 2 - den store filmhelt),Brimmell,"93,32"
"Eddy Duchin Story, The",Labbett,"29,06"
War of the Wildcats (In Old Oklahoma),Beardwell,"63,67"
Prayers for Bobby,Gotliffe,"81,92"
Land and Freedom (Tierra y libertad),Hanne,"76,94"
Unprecedented: The 2000 Presidential Election,Ewert,"96,91"
"Wool Cap, The",Golsworthy,"73,97"
Three Men and a Cradle (3 hommes et un couffin),Eveleigh,"89,70"
Our Fathers,Bailes,"79,90"
Body of Water (Syvalle salattu),Limbourne,"50,71"
American Crude,Kitchiner,"24,59"
Charlie Chan at Monte Carlo,Macia,"50,56"
Hector and the Search for Happiness,Cregan,"33,08"
Chapter 27,Olwen,"76,30"
Night of the Comet,Baxter,"24,80"
"Trust Us, This Is All Made Up",Pennington,"25,96"
"Robber, The (Der Rauber)",Sibbons,"82,74"
Mad Ron's Prevues from Hell,Giacubbo,"52,04"
"Misadventures of Margaret, The",Desbrow,"84,13"
"Namesake, The",Frain,"31,42"
Labyrinth of Lies,Pietrowski,"36,86"
Deep Red (Profondo rosso),Druett,"19,18"
Permanent Midnight,Gwinnell,"35,67"
Buddy,Harkins,"10,75"
Miss Sadie Thompson,Tromans,"77,30"
Simple Simon (I rymden finns inga kanslor),Hubbard,"30,62"
Cops,Diable,"32,82"
Mega Shark vs. Crocosaurus,Danilov,"23,80"
Speak,Denman,"84,15"
Love at First Bite,Ellyatt,"40,08"
Blown Away,Hunnable,"15,09"
"Shining, The",Skamell,"94,21"
Rabbit Without Ears (Keinohrhasen),Elintune,"85,78"
Gold Diggers of 1937,O'Clery,"72,41"
"Underground Comedy Movie, The",Giamo,"46,39"
Arsenic and Old Lace,Lowndsborough,"68,31"
Land of Silence and Darkness (Land des Schweigens und der Dunkelheit),Salisbury,"45,11"
Just Between Friends,Markl,"92,14"
Where's Poppa?,Kenny,"39,41"
Phantom of the Paradise,Palleske,"65,94"
LOL (Laughing Out Loud),Trustie,"55,02"
Henry Kissinger: Secrets of a Superpower (Henry Kissinger - Geheimnisse einer Supermacht),Hanshaw,"51,14"
Sleepers,Pomphrett,"94,04"
Lemora: A Child's Tale of the Supernatural,Revance,"65,18"
Casino Royale,Gretton,"77,64"
"Blue Max, The",Pighills,"34,50"
"Overcoat, The (Il cappotto)",Finding,"20,88"
23 (23 - Nichts ist so wie es scheint),Anstis,"11,58"
"Dark Horse, The",Hazeldean,"34,31"
May 18 (Hwaryeohan hyuga),Sherrott,"58,49"
This Island Earth,Bygrave,"62,67"
What About Bob?,Hayle,"70,79"
Fetishes,Alben,"96,50"
"Dupes, The (Al-makhdu'un)",Janton,"15,87"
"Wrong Man, The",Stutt,"21,80"
Mohabbatein,Charker,"66,20"
A Promise,Petyanin,"81,79"
Linewatch,Withams,"24,79"
Lake City,Shovelbottom,"63,71"
"Man from London, The (A Londoni frfi)",Tatersale,"80,35"
Our Man Flint,Tregensoe,"88,63"
"War You Don't See, The",Stanley,"98,95"
Blind Date,Callam,"64,07"
Fatty and Mabel Adrift,Ewell,"17,41"
"Messenger, The",Leil,"93,91"
"Guns of Navarone, The",Jamieson,"94,40"
Disorganized Crime,Lemm,"90,57"
Jackass Presents: Bad Grandpa,Mooreed,"16,63"
Breaking News (Daai si gin),Wingar,"35,33"
Different from the Others (Anders als die Andern),Meak,"13,26"
Outside Ozona,Lezemere,"48,49"
Dark Island,Ahlf,"86,99"
Blubberella,Mussett,"92,42"
Game of Werewolves,Moberley,"56,77"
Dead Men Walk,Frary,"55,91"
Ben-Hur: A Tale of the Christ,Bartlet,"65,66"
Meet Joe Black,Slaten,"29,60"
"Young One, The",Fruin,"75,72"
"Yellow Handkerchief, The",Edelman,"23,14"
Pardes,Howle,"17,85"
Un Piede in paradiso,Ambrose,"62,13"
Zuzu Angel,Gleave,"29,92"
Dancemaker,Ivanenko,"89,28"
Crush,Allaker,"11,90"
King Kong Escapes (Kingu Kongu no gyakusha),Wesgate,"27,71"
Without Bias (a.k.a. Len Bias),Parfrey,"64,24"
"Blossoming of Maximo Oliveros, The (Ang pagdadalaga ni Maximo Oliveros)",Blackader,"74,54"
Disney Princess Collection: Jasmine's Enchanted Tales: Jasmine's Wish,Silkstone,"55,44"
"Ghost Breakers, The",Jahner,"72,13"
Eastern Drift (Indigne d'asie),Mulvy,"55,36"
"Cool Ones, The",Myall,"33,37"
Ten Minutes Older: The Cello,Yair,"34,64"
Cremaster 3,Spridgen,"31,67"
8 Seconds,Zahor,"41,95"
Crazy Sexy Cancer,Massimo,"42,70"
Lady Be Good,Skinner,"96,92"
Holiday,Devereu,"44,72"
"Adventures of Picasso, The (Picassos aventyr)",Jukubczak,"44,82"
"Mermaid, The (Rusalka)",Callear,"47,38"
"End of St. Petersburg, The (Konets Sankt-Peterburga)",Iannetti,"77,60"
So Much So Fast,Stirley,"73,10"
Human Desire,Formoy,"60,71"
Dark City,Cescoti,"30,18"
Looking for Richard,Castillou,"21,21"
Beautiful Boy,Walcar,"30,59"
Crime Wave,Moncur,"22,60"
"Mudlark, The",Josephsen,"26,69"
Divorce - Italian Style (Divorzio all'italiana),Gilardengo,"87,22"
Hello Herman,Baine,"43,99"
"Time for Killing, A",Ashburne,"50,82"
"Northerners, The (De noorderlingen)",Maffezzoli,"95,88"
"Dark Mirror, The",Gonoude,"79,13"
Puppet Master vs. Demonic Toys (Puppet Master 9),MacCarrane,"19,31"
Star Wars: Episode IV - A New Hope,Hillock,"36,51"
Dick Figures: The Movie,Tooze,"27,52"
Down From the Mountain,McMackin,"39,50"
"Eye, The",Daveley,"22,02"
Hallelujah I'm a Bum,Mayte,"87,86"
Help!,Meiningen,"72,19"
One Kill,Guswell,"24,01"
Hunger (Sult),Gerleit,"45,91"
Changeling,Cockayme,"79,88"
When You're Strange,Harlick,"10,02"
"Country Girl, The",Minnock,"76,58"
Sense & Sensibility,Dradey,"24,32"
In Praise of Love (aloge de l'amour),Lipgens,"21,23"
Abduction,Althorp,"95,55"
"Signal, The (Seaal, La)",Rappa,"22,72"
"Road Warrior, The (Mad Max 2)",Channer,"40,46"
Ride Beyond Vengeance,Blakeden,"90,00"
Comme les 5 doigts de la main,Privost,"13,41"
"Law of Desire (Ley del deseo, La)",Bransden,"17,77"
"Barkleys of Broadway, The",Edis,"24,96"
"Last Time I Saw Archie, The",McPhelimy,"19,08"
Most Wanted,Yakunchikov,"47,88"
Bait,Perch,"10,57"
Butterfly Kiss,Tabbernor,"18,87"
After Alice (Eye of the Killer),Morad,"20,12"
"Star Is Born, A",Cake,"40,79"
Lie with Me,Ven,"43,01"
"Better Life, A",Gatling,"78,95"
"Surgeon, The",Biskupek,"68,12"
Little Fugitive,Crowch,"33,05"
Father of the Bride,Backe,"96,49"
The Hungover Games,Maas,"35,27"
Science and Islam,Simm,"36,80"
Capricorn One,Keetley,"17,70"
"Return of Mod Squad, The",Wrefford,"34,62"
"Wayward Cloud, The (Tian bian yi duo yun)",Haywood,"51,82"
Prom,Jaffrey,"93,63"
In the Midst of Life (Au co de la vie),Giral,"46,34"
Oldboy,Dachs,"31,09"
Warren Oates: Across the Border,Dinan,"34,36"
Forever Amber,Cunnell,"41,21"
Siegfried & Roy: The Magic Box,Dinnington,"41,05"
Subway,Edmons,"57,26"
Ararat,Nurse,"71,78"
Once in a Lifetime: The Extraordinary Story of the New York Cosmos,Mobius,"22,29"
When Will I Be Loved,Balchen,"18,21"
Grand Theft Auto,Cargo,"19,00"
"Sorcerer and the White Snake, The (Bai she chuan shuo)",Kiezler,"93,76"
Ladies They Talk About,Dunge,"63,30"
"Killers, The",Goggen,"71,45"
"Steel Trap, The",Weaving,"23,56"
Beastly,Arundell,"81,58"
Shutter Island,Franek,"54,13"
Free Willy 3: The Rescue,O'Mara,"28,22"
Salaam-E-Ishq,Croyden,"78,36"
M. Butterfly,Rossborough,"26,03"
"20,000 Leagues Under the Sea",Bausor,"16,28"
Garden State,Tutton,"44,87"
"Bachelor, The",Sarl,"70,69"
Jezebel,Beauman,"75,09"
Bill Hicks: Relentless,Clunie,"15,82"
Tattooed Life (Irezumi ichidai),Forsdicke,"73,03"
She's All That,Nattrass,"57,89"
Wisconsin Death Trip,Robertet,"98,92"
Trade,Grocott,"53,26"
"Lathe of Heaven, The",Carmichael,"80,72"
Cargo,Hemshall,"82,39"
Edie & Pen,Gelsthorpe,"69,84"
Through and Through (Na wylot),Renvoys,"17,22"
Babar The Movie,Billows,"43,20"
Taxi 4,Josum,"47,54"
"House of the Devil, The",Wontner,"96,78"
Love Meetings (Comizi d'amore),Fairholm,"65,40"
"Great Bank Hoax, The",Braidon,"75,51"
A Matador's Mistress,Espadater,"79,09"
Bronco Billy,Somerset,"73,36"
"To Have, or Not (En avoir (ou pas))",Rowbury,"51,13"
Buddy,Seeborne,"36,18"
Biker Boyz,Aleksankov,"26,48"
Misconception,Rean,"49,82"
"Danger! 50,000 Zombies",Joinsey,"16,82"
Miss Congeniality,Fairall,"26,00"
Philomena,Froome,"34,23"
Troubled Water (DeUsynlige),Feyer,"66,99"
"Help, The",Speed,"15,69"
Dr. Terror's House of Horrors,Morfield,"56,45"
Fire-Eater (Tulennielija),Morville,"34,47"
Jar City (Marin),Flori,"23,66"
Presidentintekijat,Berthomieu,"96,11"
Sherlock Holmes: Dressed to Kill,Shorte,"41,44"
Orchestra Wives,Kernes,"11,21"
Amorosa,Starford,"83,17"
Such a Long Journey,Curtayne,"39,56"
"Grace Lee Project, The",Biggar,"33,98"
Chato's Land,Bealton,"69,82"
Voices of Iraq,Hatzar,"85,59"
"Vampire Bat, The",Frantsev,"35,29"
Season of the Witch,Matissoff,"88,28"
Before the Rain (Pred dozhdot),Tousy,"68,20"
Solino,Paulat,"26,22"
There's Always Tomorrow,Copes,"86,70"
Hitler's Children,Prendergrass,"83,68"
Puzzlehead,Abramin,"62,83"
Blood Work,Pullar,"17,36"
"Man with No Shadow, The (Homme sans ombre, L')",Figures,"23,53"
Deadly Circuit (Mortelle randonne),Kehir,"47,93"
"Swarm, The",Attride,"74,87"
Bleak Night,Cassell,"68,26"
Celeste and Jesse Forever (Celeste & Jesse Forever),Dominick,"18,59"
Blood and Wine (Blood & Wine),Cella,"66,36"
Flash Gordon Conquers the Universe,Lanon,"37,24"
Blue Blood,Ricardou,"21,32"
"Matrix Reloaded, The",Ruby,"84,77"
Small Time,Von Hindenburg,"42,77"
Elvis,Mignot,"47,37"
"World Unseen, The",Robjents,"97,63"
"Killing of America, The",Tordiffe,"92,46"
"Young Master, The (Shi di chu ma)",Rolland,"23,76"
Love is God,Ostrich,"74,36"
Bloodtide,Gregor,"82,22"
Paradise Alley,Maccari,"58,41"
Blackthorn,Keyes,"21,93"
Love Crime (Crime d'amour),Sallinger,"39,51"
Charly,Gosnall,"79,43"
Alligator Eyes,Gatchel,"66,68"
Pahat pojat,Dresser,"75,11"
Ghost Machine,Prosser,"10,23"
Hopscotch,Deakan,"27,81"
The Deep Six,Calterone,"33,10"
Onionhead,Hubeaux,"94,46"
Kalifornia,Winscomb,"13,16"
Chronicle of a Summer (Chronique d'un t),Abramovitz,"35,32"
Stalag 17,Humber,"42,39"
Thr3e (Three),Speddin,"42,88"
Richard Pryor: Live in Concert,Brekonridge,"43,18"
Frisk,Abotson,"13,39"
Straight from the Heart,Crampton,"89,27"
Foodfight!,Cornelis,"70,99"
Christiane F. (a.k.a. We Children from Bahnhof Zoo) (Christiane F. - Wir Kinder vom Bahnhof Zoo),Samarth,"78,17"
Mary of Scotland,Hillett,"85,61"
Trancers II,Ashworth,"11,79"
Warrior,Georgeou,"11,34"
LennoNYC,Vasyutichev,"76,34"
Halloweentown II: Kalabar's Revenge,Rooney,"97,08"
Alexandria... Why? (Iskanderija... lih?),Buie,"74,05"
Actresses (Actrices),Pinshon,"68,56"
"I Want a Dog for Christmas, Charlie Brown",Puddicombe,"90,31"
Out of Time,Hlavecek,"35,15"
"Master of Disguise, The",Mowen,"33,15"
When Nietzsche Wept,Drinnan,"25,67"
"Dungeonmaster, The",Williment,"84,28"
War and Peace (Jang Aur Aman),Arboine,"42,14"
"Way I Spent the End of the World, The (Cum mi-am petrecut sfarsitul lumii)",Szwarc,"32,08"
"Friend of Mine, A (Ein Freund von mir)",Wilhelmy,"77,94"
Little Women,Lattka,"52,53"
Repast (Meshi),Ingram,"60,57"
Runaway Bride,Alenshev,"45,00"
Barry Lyndon,Fetherstonhaugh,"27,36"
Tango Kabaree,Tomik,"79,48"
American Wedding (American Pie 3),Gartsyde,"26,18"
Deadly Advice,Culbert,"11,15"
Z,Bachelor,"42,04"
Make Your Move,Conibeer,"11,19"
Orpheus (Orphe),Ghest,"16,92"
Vanya on 42nd Street,Samsworth,"59,39"
Let's Make Money,Crellim,"66,24"
"Magnetic Monster, The",Dwane,"44,69"
Marnie,Godspede,"84,92"
"Canterbury Tales, The (I racconti di Canterbury)",Postance,"81,94"
Soul Surfer,Leggs,"68,82"
Rudolph the Red-Nosed Reindeer: The Movie,Anker,"61,44"
"Golden Child, The",Voaden,"78,42"
"Blackout, The",Lyven,"21,75"
All Over the Guy,Otson,"32,46"
Animal Kingdom,Dennison,"58,70"
Nothing to Declare (Rien a dclarer),Lauxmann,"37,47"
Old Dogs,Beams,"45,70"
Dragon: The Bruce Lee Story,Merrikin,"98,52"
Where Is the Friend's Home? (Where Is My Friend's House?) (Khane-ye doust kodjast?),Goranov,"40,53"
"Carabineers, The (Carabiniers, Les)",Batten,"40,49"
The Big One: The Great Los Angeles Earthquake,Gresser,"16,72"
Only Old Men Are Going to Battle (V boy idut odni stariki),Sambidge,"33,18"
Miss Bala,Kave,"14,93"
"New York Ripper, The (Squartatore di New York, Lo)",Lloyd,"92,65"
Megacities,Cino,"11,72"
Peyton Place,Hanley,"59,91"
St. Elmo's Fire,Eshmade,"28,40"
"White Dwarf, The (Valkoinen kaapiae)",Rubbert,"67,54"
Belles on Their Toes,Leeb,"22,04"
Sisters of the Gion (Gion no shimai),Ryal,"22,01"
Jupiter Ascending,Caston,"67,71"
Restless Natives,Hawkwood,"19,58"
Dodgeball: A True Underdog Story,Jaszczak,"81,63"
Black Tights (1-2-3-4 ou Les Collants noirs),MacBarron,"70,89"
"Incredibles, The",Whate,"11,13"
"Adventures of the Wilderness Family, The",Mattys,"84,25"
"Master of Ballantrae, The",Kelbie,"10,03"
Accident,Hansana,"88,20"
"Old Lady Who Walked in the Sea, The (Vieille qui marchait dans la mer, La)",Tibbles,"12,11"
"Wayward Cloud, The (Tian bian yi duo yun)",Jurisic,"46,16"
In Her Shoes,Ritson,"44,60"
Leave The World Behind,Kermon,"22,15"
What to Expect When You're Expecting,Gouda,"80,87"
Panama Hattie,Lichtfoth,"75,30"
"Truth About Cats & Dogs, The",Landells,"29,12"
Bullitt,Davidge,"64,90"
"Con, The",Beckmann,"52,69"
The Devil and the Holy Water,Heugel,"69,91"
Leprechaun 4: In Space,Jeandon,"54,72"
"Signal, The",Cockin,"12,92"
Three Way,Royle,"61,83"
Films to Keep You Awake: The Christmas Tale (Pelaculas para no dormir: Cuento de navidad),Farryn,"68,76"
Bamako,Sanger,"32,53"
Unthinkable,Erdes,"25,84"
"Fighter, The",Tompkinson,"39,16"
Four Eyes and Six-Guns,Tarquini,"44,87"
"Young Lieutenant, The (Le petit lieutenant)",McReynolds,"23,12"
Bliss (Mutluluk),Tansill,"44,45"
Four more years (Fyra or till),Crawcour,"30,84"
Happy Feet,Tofts,"54,02"
Dunston Checks In,Harvard,"26,83"
Frozen,Rourke,"38,27"
Winnebago Man,Bisterfeld,"72,67"
Special Correspondents (Envoys trs spciaux),Stitson,"72,47"
Lord of the Flies,Sparshutt,"97,71"
Welcome to L.A.,Cisson,"39,65"
Like You Know It All (Jal aljido mothamyeonseo),Blaik,"51,55"
State of Grace,Nicolls,"38,70"
"State of Things, The (Stand der Dinge, Der)",Reddick,"30,44"
"Pig's Tale, A",Petticrow,"98,11"
Charlie Chan in Paris,Siley,"37,06"
"Captive, The (La captive)",Acum,"69,96"
Passenger Side,Filliskirk,"71,98"
Fist of the North Star,Lipscomb,"62,53"
Ten Tall Men,Lavers,"42,98"
Fire and Ice,Etoile,"33,12"
Charlie's Country,Dixcee,"66,46"
"Bag Man, The",Gilby,"17,83"
Asterix in America (a.k.a Asterix Conquers America) (Astrix et les Indiens),Coldtart,"51,55"
Double Take,Bodycombe,"24,02"
"Descent: Part 2, The",Coulthart,"41,66"
Absurdistan,Caudray,"78,26"
Alpha and Omega 2: A Howl-iday Adventure (Alpha & Omega 2),Henrion,"38,88"
The Last Farm,Baillie,"14,01"
Rick,Branney,"92,35"
"Girl, The (Flickan)",Brugman,"85,27"
Bound by Flesh ,Dulton,"71,45"
After the Reconciliation (Aprs la rconciliation),Kroin,"52,29"
"Slammin' Salmon, The",Uridge,"69,45"
Gumshoe,Bearsmore,"69,88"
"Alien Predator (Mutant II) (Falling, The)",Babington,"77,58"
"Truth, The ",Brusby,"63,52"
Afterwards,Goddman,"24,38"
Wonder Boys,MacClenan,"51,80"
Freakonomics,Kernley,"87,04"
Once Upon a Time... When We Were Colored,Landers,"21,37"
The Virginian,Buckston,"49,43"
9th Company,Mackinder,"25,64"
As We Were Dreaming,McGee,"24,06"
"Birdsong (Cant dels ocells, El)",Greathead,"59,42"
White Palace,Partner,"41,14"
"Creation of the Humanoids, The",Romayn,"89,75"
Tommy,Lohering,"54,65"
Crazy Horse,Ferrarone,"11,00"
"Black Cauldron, The",Dyers,"20,15"
Africa: Texas Style,Brenston,"51,32"
We Don't Live Here Anymore,Kinsey,"12,14"
Kick-Ass,Pretorius,"47,64"
Black Widow,Rockcliffe,"52,48"
"Dangerous Woman, A",Taillard,"38,39"
Santa with Muscles,Waterfield,"34,19"
Steamboy (Suchamubai),Metzig,"17,34"
"Marseillaise, La",Surby,"31,95"
Attila (Attila the Hun),Mergue,"46,43"
Rosetta,Kinvig,"24,11"
Virgin Stripped Bare by Her Bachelors (Oh! Soo-jung),Tarry,"15,53"
Just Like Us,Van Son,"79,13"
Shaolin Temple 3: Martial Arts of Shaolin (Nan bei Shao Lin) (Martial Arts of Shaolin),Briton,"90,63"
Stash House,Toms,"96,89"
12 Days of Terror,Exon,"19,23"
Mad City,Corradino,"26,47"
Stormheart,MacRanald,"80,67"
You're Not You,Ghidetti,"70,72"
When Marnie Was There,Tower,"98,48"
Malcolm X,Dabs,"14,38"
Halloween,Veighey,"41,03"
Chapter Two,Fullstone,"71,82"
Shotgun Stories,Kinchlea,"82,86"
Paranormal Activity: The Marked Ones,Saladin,"60,58"
"Shopworn Angel, The",Lilly,"17,29"
Power (Jew Sass),Greally,"81,49"
Jackass 3.5,Horrod,"39,70"
Dredd,Hoovart,"69,49"
Nocturna Artificialia,Dalgliesh,"38,12"
Johnny English,Jaeggi,"41,24"
Girls Will Be Girls,Balma,"15,24"
Expelled: No Intelligence Allowed,Flaxman,"80,18"
Don't Drink the Water,Stansbie,"83,95"
Mother Joan of the Angels (Matka Joanna od aniolaw),McPhee,"17,82"
Chicago Joe and the Showgirl,Stidson,"83,89"
Body of War,Horney,"10,23"
Bikes vs Cars,Gleeson,"12,96"
Bodyguards and Assassins,Nix,"16,02"
Bobcat Goldthwait: You Don't Look the Same Either,Giacomuzzi,"47,15"
Idle Mist (Vana Espuma),Tolliday,"10,43"
Johnny 100 Pesos (Johnny cien pesos),Ballchin,"27,06"
"Color of Money, The",Packe,"14,17"
Dinoshark,Ert,"82,47"
Zatoichi in Desperation (Shin Zataichi monogatari: Oreta tsue) (Zataichi 24),Loughrey,"92,60"
Unhook the Stars,Armal,"74,63"
"Princess of Montpensier, The (La princesse de Montpensier)",O'Shirine,"98,27"
When Nietzsche Wept,Jeffray,"78,21"
"Town, The",Knappen,"49,85"
Road House,Bootton,"69,71"
Cry Baby Lane,MacKay,"45,12"
Disaster Movie,Guyot,"57,15"
"Century of Cinema, A",Janatka,"21,77"
Ink,Robson,"11,55"
Into the Deep,Chaim,"68,24"
All About Lily Chou-Chou (Riri Shushu no subete),Oswal,"79,98"
Tango Kabaree,Brandenburg,"77,07"
Ocean's Eleven,Bucktharp,"76,41"
Gregory Go Boom,Ortner,"74,48"
Secrets of the Tribe,Itzig,"89,65"
Resident Evil: Afterlife,Pitsall,"60,17"
Heaven,Samwell,"21,88"
Peter & the Wolf,Jocelyn,"12,06"
Rory O'Shea Was Here (Inside I'm Dancing),Cardnell,"37,10"
Who Killed the Electric Car?,Shelborne,"34,60"
Rodan (Sora no daikaija Radon),Burnall,"82,41"
Authors Anonymous,Vickarman,"95,75"
In Cold Blood,Cristofol,"51,63"
"History Boys, The",Phlippsen,"37,70"
De-Lovely,Fassman,"42,75"
Carlos,St. Quintin,"78,35"
"Hunting and Gathering (Ensemble, c'est tout)",Gregoraci,"23,47"
"Bamba, La",Parratt,"57,88"
I Don't Want to Be a Man (Ich maechte kein Mann sein),Seller,"75,60"
Damn Yankees!,Degue,"77,44"
Planet B-Boy,Corriea,"14,19"
"Source, The",Lared,"27,83"
Brothers at War,Bullimore,"58,98"
Sparrows,Garlinge,"39,20"
"President's Last Bang, The (Geuddae geusaramdeul)",Boler,"74,78"
Dr. Jekyll and Mr. Hyde,Gaw,"12,92"
Pokmon: The First Movie,Sainte Paul,"19,85"
Gabbeh,Izacenko,"93,96"
I Married A Strange Person!,Placidi,"69,56"
Telstar: The Joe Meek Story,Penton,"10,99"
With a Song in My Heart,Urwin,"79,38"
Rembrandt,Quigley,"55,94"
Terror is a Man,Rushmere,"19,57"
"Count Yorga, Vampire",Giovannazzi,"45,94"
Missionary,Durtnell,"62,33"
"District, The (Nyacker!)",Goaks,"50,64"
Hippie Masala - Forever in India,Lamberti,"12,84"
Young & Beautiful,Vallerine,"41,82"
"Big Lebowski, The",Milbourne,"32,44"
Baxter,Iacovozzo,"96,03"
Silent Night,Chappel,"48,92"
Returner (Ritaanaa),Fanthome,"13,24"
Chances Are,Saltwell,"45,09"
Me and Earl and the Dying Girl,Goscar,"11,49"
Unborn in the USA: Inside the War on Abortion,Bahde,"28,41"
Bummer (Bumer),Taffie,"19,45"
"Mummy, The",Challiss,"75,30"
Young Ones,Prandoni,"49,17"
Mishen (Target),Forrest,"77,14"
"When Time Ran Out... (Day the World Ended, The)",Pine,"20,52"
Magic Magic,Broadhurst,"84,67"
"Conspiracy, The",Aleksich,"39,85"
"Organization, The",Caplis,"30,56"
The Puzzle,Brooker,"80,72"
"Sticky Fingers of Time, The",Bernocchi,"40,06"
Empire of the Wolves (L'empire des loups),Klejna,"56,25"
After Porn Ends,Parades,"20,64"
Marlowe,Lloyd-Williams,"16,36"
TINY: A Story About Living Small,Shippam,"70,64"
They Call Me Trinity,Libbey,"70,47"
Tasting Menu,Grealy,"24,39"
Rid of Me,Tathacott,"78,82"
Ronal the Barbarian,Seabrook,"73,94"
American Roulette,Caudle,"18,96"
"Eye for an Eye, An",Lifton,"50,12"
Sexual Life,Tunney,"94,03"
Populaire,Jenk,"43,94"
Bush's Brain,Allingham,"68,61"
Maternal Halfbrothers (Braca po materi),Taggart,"39,95"
In Therapy (Diva),Geydon,"11,04"
Halloween II,Dawltrey,"81,14"
Clerks II,Bouchard,"15,42"
Fritz the Cat,Quigg,"98,48"
Nanayo (Nanayomachi),Grist,"83,50"
Monkeybone,Royle,"19,76"
Quartier Mozart,Stonebridge,"22,14"
Laurence Anyways,Burndred,"55,98"
"Hurricane, The",Siemianowicz,"63,12"
"Slender Thread, The",Keuning,"93,09"
Boys Don't Cry (Chlopaki nie placza),Stuttard,"19,23"
Deathstalker,Swaite,"68,42"
Melinda and Melinda,Creaney,"77,79"
Sprung,Joburn,"37,76"
Sittin' on a Backyard Fence,Wilbud,"10,73"
To Each His Own,Robinson,"17,15"
Tales from the Crypt Presents: Demon Knight,Hupka,"85,01"
"Public Eye, The (Follow Me!)",Merrick,"82,08"
Broken Kingdom,Krojn,"84,26"
Support Your Local Sheriff!,Suatt,"44,46"
"Good Marriage, A (Beau mariage, Le)",Truesdale,"59,56"
Norwegian Ninja,Wrathall,"34,56"
Memories of Matsuko (Kiraware Matsuko no issha),Sommerlie,"40,37"
Yesterday Girl (Abschied von gestern - Anita G.),Byllam,"15,36"
"Last Blitzkrieg, The",Ratazzi,"48,70"
Wyvern,Ruseworth,"78,90"
Distance,Christol,"41,02"
Disraeli,Callender,"24,29"
"Day Without a Mexican, A",Jean,"29,55"
Wasabi,Crowd,"86,89"
Josephine,Harme,"51,82"
"Frisco Kid, The",Hillam,"25,94"
"Claim, The",Stiegar,"59,88"
A Night in the Show,Brehaut,"91,97"
Charlie's Country,Reubel,"54,90"
Lover Come Back,Duffell,"67,88"
Killer: A Journal of Murder,Lappin,"95,00"
"Snake of June, A (Rokugatsu no hebi)",Banville,"98,97"
Rich and Famous,Domniney,"25,42"
Passed Away,Toothill,"91,65"
One-Eyed Monster,Fall,"27,11"
"Dinner Guest, The (L'invit)",Gilhespy,"14,73"
Original Gangstas,Worlidge,"43,02"
Impy's Island,Pridmore,"24,42"
"Crimson Rivers 2: Angels of the Apocalypse (Rivires pourpres II - Les anges de l'apocalypse, Les)",Glaister,"47,74"
Madame Butterfly,Clare,"14,23"
"Face of Another, The (Tanin no kao)",Dilger,"46,06"
Sleepover,Sparry,"86,21"
Easy Money,Uzzell,"21,73"
Mr. Destiny,Penrice,"77,56"
"High and the Mighty, The",MacGillreich,"15,43"
Happy Times (Xingfu shiguang),Winston,"89,96"
Lightnin',Christoffels,"69,74"
The Runner from Ravenshead,Chalker,"60,53"
Dying Young,MacAloren,"67,22"
Wisdom,Heaven,"87,75"
His Brother (Son frre),De Domenico,"78,49"
Blood and Roses (Et mourir de plaisir) (To Die with Pleasure),Grigor,"91,04"
Caught,Hinckes,"25,27"
Harry Potter and the Order of the Phoenix,Luetkemeyers,"83,57"
Coonskin,O'Henecan,"47,03"
Yesterday's Enemy,Putt,"25,80"
City Under Siege (Chun sing gai bei),Liddard,"24,84"
Nine Lives,Rewbottom,"28,62"
12 Years a Slave,Polding,"21,82"
Aurora,Hackin,"40,26"
Parallels,Sansam,"43,86"
Two Sons of Francisco (2 Filhos de Francisco - A Histaria de Zez di Camargo & Luciano),Glaves,"81,88"
Loch Ness,Bess,"37,01"
"Golem, The (Golem, wie er in die Welt kam, Der)",Poxon,"73,19"
Juvenile Court,Winsiowiecki,"25,43"
If I Were King,Gross,"35,06"
"Hebrew Hammer, The",Angrave,"71,63"
Von Ryan's Express,Cavalier,"98,57"
McKenna Shoots for the Stars,Wilcockes,"76,88"
Joyful Noise,Perrone,"39,80"
Yi Yi,Ifill,"58,33"
Comfort and Joy,Marques,"95,23"
"Gentle Woman, A (Une femme douce)",Sich,"85,07"
Alone in the Dark,Hare,"83,34"
Knife in the Water (Naz w wodzie),Mapletoft,"54,77"
"Kiss Me, Stupid",Frail,"98,94"
"Cat Came Back, The",Brussell,"26,53"
"Ranma ½: Big Trouble in Nekonron, China (Ranma ½: Chagoku Nekonron daikessen! Okite yaburi no gekita hen)",Tankin,"60,43"
Face to Face (Faccia a faccia),Barhams,"61,90"
World Trade Center,Sandaver,"53,15"
My Life,Godfery,"59,23"
Tex,Isac,"20,53"
"Football Factory, The",Schmuhl,"79,94"
Lucky Numbers,Wedmore,"86,42"
Cinderella III: A Twist in Time,Veregan,"19,76"
Don McKay,Weiner,"18,05"
"First Nudie Musical, The",Dines,"74,93"
Dead Snow 2: Red vs. Dead ,Eades,"73,97"
Young Man with a Horn,Tregent,"72,49"
Fool for Love,Clardge,"54,37"
Shadows in Paradise (Varjoja paratiisissa),MacRanald,"18,21"
Lolita,Jorio,"76,83"
"Prophecy, The",Kordovani,"44,15"
Barabbas,Casolla,"75,45"
Under the Yum Yum Tree,Jumel,"64,04"
Blind Faith,Rudkin,"84,76"
"Ranma ½: Big Trouble in Nekonron, China (Ranma ½: Chagoku Nekonron daikessen! Okite yaburi no gekita hen)",Pedley,"98,43"
"Brave Little Toaster, The",Ragborne,"57,59"
"Jerk Theory, The",Tatum,"62,75"
200 Cigarettes,Truder,"30,99"
Stigmata,Priden,"64,83"
Shallow Hal,Edy,"48,23"
Main Street,Ruston,"16,50"
Open Hearts (Elsker dig for evigt),Veel,"81,58"
Look Who's Talking Now,Keiley,"60,95"
Bad Santa,Hayzer,"37,38"
"Mask of Zorro, The",Newcom,"42,46"
"Kid, The",Woodington,"91,63"
Another Thin Man,Jenoure,"63,36"
School of Rock,Oneill,"52,46"
Missile to the Moon,Jagger,"27,75"
"Halloween Tree, The",Rosa,"63,40"
Blue State,Walklett,"25,07"
"Edge of the World, The",Crafts,"67,68"
Terminal Velocity,Petrushkevich,"91,22"
Chill Out! (Desconglate!),Agnew,"33,85"
Salut cousin!,Cerie,"80,42"
Photographing Fairies,McCrachen,"13,17"
"Myth of the American Sleepover, The",Cobelli,"65,08"
Chronicle of My Mother (Waga haha no ki),Zambon,"62,95"
Dead on Time,Mussolini,"35,34"
Detention,Devonald,"87,96"
"Beast of War, The (Beast, The)",Marcoolyn,"84,61"
"Paperboy, The",Dencs,"12,09"
PoliWood,Dutt,"56,97"
"Man on the Roof, The (Mannen po taket)",Melling,"97,19"
"Big Tease, The",Eubank,"14,27"
Nora,Spiring,"64,78"
Flame and Citron (Flammen & Citronen),Wozencroft,"73,94"
Men Cry Bullets,Paige,"40,97"
Day of the Dead,Benedicto,"21,32"
Rough Riders,MacIlhargy,"93,75"
1911 (Xinhai geming),Hearnaman,"12,04"
New Best Friend,Philps,"97,28"
"Story of Louis Past, The",Meale,"74,38"
Undefeated,Matusson,"29,46"
Relative Strangers,Coldwell,"17,69"
My Architect: A Son's Journey,Grzelewski,"81,84"
Weird Woman,Dunwoody,"93,80"
Snow on Tha Bluff,Probet,"78,78"
Scattered Clouds (Midaregumo),Wanklyn,"34,94"
Botched,Drance,"32,37"
Ironclad,Lenton,"82,67"
Internes Can't Take Money,Conway,"69,80"
Pigsty (Porcile),Drewell,"17,22"
Pardes,Kubacek,"74,51"
Hide and Seek,Sieghard,"67,18"
Sixty Six,Figiovanni,"93,61"
Princesas,Wasselin,"32,79"
Action in the North Atlantic,Drynan,"29,42"
JCVD,Gligorijevic,"22,59"
I'm Here,Boldero,"62,35"
Bob the Butler,Bannon,"25,41"
"Cars That Ate Paris, The",Shee,"38,05"
Sweet November,Townsley,"98,28"
Kumail Nanjiani: Beta Male ,Awmack,"30,42"
Heroic Cops (Jing wang shuang xiong),Clawe,"60,68"
Sirens,L' Estrange,"76,24"
Milarepa,Kastel,"91,19"
Normal Life,Episcopio,"86,03"
Diggstown,Rawdales,"70,07"
Reservation Road,Dugdale,"47,53"
Mr. Wonderful,Trillo,"69,59"
West of Zanzibar,Lowder,"56,86"
Dara a Briain Talks Funny: Live in London,Spoure,"92,60"
Trick or Treat,Bloyes,"86,36"
See No Evil,Habble,"92,99"
Pink Floyd: The Wall,Burnhill,"35,93"
Skyscraper Souls,Lanceley,"72,68"
Plankton,Scudders,"61,82"
Land,Ginie,"94,04"
"White Cliffs of Dover, The",Audibert,"71,54"
Demons 2 (Dmoni 2... l'incubo ritorna),Bark,"56,06"
My Own Man,Kleint,"66,61"
Hitler's Madman,Kirsche,"45,63"
$ellebrity (Sellebrity),Dewsbury,"12,98"
Kagera-za,Patemore,"21,80"
J.C. Chvez (a.k.a. Chavez),Delwater,"22,27"
Gerontophilia,Cornfield,"36,50"
Shadowboxer,Kleinhaus,"24,76"
"Mudge Boy, The",Goalley,"28,52"
"Raven, The",Rillatt,"83,41"
Jungle Holocaust (Ultimo mondo cannibale),Lowdham,"56,84"
"Dog of Flanders, A",Adair,"38,28"
"Lost Honor of Katharina Blum, The (Verlorene Ehre der Katharina Blum oder: Wie Gewalt entstehen und wohin sie fahren kann, Die)",Woodburn,"25,28"
Man of Aran,Challicombe,"73,65"
Satanas,Blasl,"58,34"
Black Girl (La noire de...),Piegrome,"11,48"
Relative Fear,Ivashchenko,"33,19"
Kung Fu Panda Holiday Special,Hardstaff,"83,06"
Edward II,Tyt,"74,98"
Sione's Wedding (Samoan Wedding),Goare,"76,19"
Little Witches,Durnford,"85,16"
"Caine Mutiny, The",Petersen,"74,02"
"Dark Angel: Ascent, The",MacKniely,"30,52"
Lolita,Vasyatkin,"85,06"
Shakespeare-Wallah,Hestrop,"34,63"
Ministry of Fear,Bunnell,"30,51"
Slipstream,Liptrod,"63,05"
Zandalee,Blessed,"26,41"
"Dirt Bike Kid, The",Cutteridge,"23,61"
Hot to Trot,Kerner,"74,54"
"Three Stooges in Orbit, The",Vankov,"71,79"
Moon Child,Lainge,"28,06"
"Last Unicorn, The",Strowther,"47,38"
Cobra,Binder,"84,39"
"Grand, The",Ecclestone,"89,21"
Journey to the Center of the Earth,Milliere,"88,49"
Here Without Me (Inja bedoone man),Beachem,"70,37"
Latitude Zero (Ido zero daisakusen),Bulbeck,"57,33"
"Apartment, The (Appartement, L')",Burras,"71,97"
Senseless,Alesin,"25,52"
Standing Up,Mitford,"38,67"
Patriot Games,Dawley,"42,03"
Interview with the Assassin,Trollope,"58,34"
"Group, The",Stott,"50,22"
Fire Birds,Tassel,"59,59"
West (Occident),Chilvers,"50,30"
Suicide Manual (Jisatsu manyaru),Ades,"62,52"
Top Floor Left Wing (Dernier tage gauche gauche),Everiss,"16,79"
Hot Shots! Part Deux,Golledge,"56,92"
Adam,Cammocke,"24,87"
Firecreek,Crosscombe,"41,13"
Yesterday,Somerfield,"78,89"
Winter's Tale,Hendrickson,"50,98"
I Saw the Devil (Akmareul boatda),Maylour,"80,05"
King Kong,MacGovern,"63,72"
"Expendables 2, The",Cicero,"40,95"
Starry starry night (Xing kong),Chastanet,"29,68"
The Wrecking Crew,Livzey,"65,74"
Charleston,Wyvill,"32,78"
"All the Way Boys (Pian forte, ragazzi!)",Brookson,"97,70"
"One-Armed Swordsman, The (Dubei dao)",Gordge,"63,65"
Two Solutions for One Problem (Dow Rahehal Baraye yek Massaleh),Faunch,"25,10"
Green Dragon,Barczynski,"36,77"
One Chance,Featherstonhaugh,"19,85"
"Dawn Patrol, The (Flight Commander)",Jobes,"90,87"
Brides of Dracula,Leve,"26,67"
In Her Shoes,Spragg,"27,32"
"Stoplight Society, The (La Sociedad del Semforo)",Elsy,"71,25"
Battles Without Honor & Humanity (Jingi naki tatakai),Maith,"67,71"
Appleseed (Appurushado),Gritsaev,"22,44"
"Quest, The",Kliment,"93,74"
"Concert, Le",Pieters,"43,79"
Pete Seeger: The Power of Song,Daintrey,"36,10"
H6: Diario de un asesino,Koppeck,"35,94"
"Gentle Breeze in the Village, A (Tennen kokekka) ",Bynold,"60,68"
From Paris with Love,Watkiss,"83,24"
Pooh's Heffalump Movie,Garment,"13,21"
"Marshland (Isla manima, La)",Davers,"89,83"
"Great Ecstasy of Robert Carmichael, The",Penner,"84,65"
City of Joy,Dutnell,"17,14"
Days and Nights,Sparey,"19,88"
Yentl,Leicester,"89,81"
The Castle of Fu Manchu,Clendennen,"39,99"
Fools Rush In,McIlhatton,"38,79"
Fiorile,Lowell,"97,98"
Naan Kadavul,Ainscough,"93,15"
Sidestreet,MacKomb,"57,33"
Spider,Braunter,"91,42"
Prisoners of the Lost Universe,Ciraldo,"10,19"
"Study in Scarlet, A",Darker,"76,95"
Leprechaun 3,Heathwood,"77,08"
"Day After Trinity, The",Cumpsty,"59,47"
Backfire,Lafay,"10,94"
Ned Kelly,Vargas,"23,76"
Our Summer in Provence,Raith,"26,92"
"Stars Look Down, The",Gadault,"35,96"
"Family Game, The (Kazoku gamu)",Zincke,"90,61"
"Sun Also Rises, The (Tai yang zhao chang sheng qi)",Eidler,"68,63"
Soylent Green,McWard,"15,24"
Flannel Pajamas,Zamboniari,"48,50"
Du cat de la cate,MacGilrewy,"45,30"
The Magic Box,Dottridge,"97,13"
"Dying Swan, The (Umirayushchii lebed)",Marcone,"34,36"
"Tomorrow, When the War Began",Lumsden,"34,09"
Thirst (Bakjwi),Ottee,"11,77"
Restless Blood (Levoton veri),Davidesco,"12,22"
"Great Yokai War, The (Yakai daisensa)",Kenningham,"88,08"
And the Ship Sails On (E la nave va),O'Carran,"89,99"
Maria (Mariya),Tricker,"39,04"
Animals are Beautiful People,Debenham,"77,52"
Camp de Thiaroye,Brinkley,"40,38"
Josephine,Cavill,"80,82"
Chain Camera,Ivermee,"17,62"
8 Million Ways to Die,Yaus,"50,57"
Hunter Prey,Dearan,"48,11"
Loser Takes All! (Qui perd gagne !),Denley,"24,31"
"Big Country, The",McCroft,"17,80"
Trigun: Badlands Rumble,Springtorp,"27,66"
"Room with a View, A",Mulcahy,"41,57"
Klown: The Movie (Klovn),Sansun,"74,05"
Victory (a.k.a. Escape to Victory),Disdel,"36,88"
Red State,Sheldon,"41,02"
Jeffrey,Robotham,"36,85"
Butterflies Are Free,Faier,"66,36"
Tinseltown,Noton,"28,12"
Holy Wars,Southerill,"70,20"
"Hello, Friend",Blunn,"29,29"
Law and Order,Summerhayes,"59,81"
"Sing a Song of Sex (Treatise on Japanese Bawdy Songs, A) (Nihon shunka-ka)",McRitchie,"35,59"
Tales of the Grim Sleeper,Felstead,"49,35"
They Call Me Renegade,Moniker,"41,69"
City Slickers,Staines,"92,67"
The Death and Life of Bobby Z,Warsap,"45,54"
Godzilla vs. King Ghidorah (Gojira vs. Kingu Gidora),Lockyer,"66,39"
Jerichow,Crowley,"39,49"
"Shape of Things to Come, The",Cryer,"96,21"
Street Mobster (a.k.a. Modern Yakuza: Outlaw Killer) (Gendai yakuza: hito-kiri yota),Woollard,"41,23"
Elena and Her Men (Paris Does Strange Things) (Elena et les hommes),Launchbury,"62,33"
John Q,Rippen,"69,84"
Battle of the Bulge,Shapcote,"53,95"
"Chocolate Soldier, The",Toolin,"96,78"
Even Money,Calloway,"21,32"
Miss Firecracker,Swindle,"51,64"
Neo Ned,Buckston,"17,47"
Guns at Batasi,Hargrave,"66,00"
Intimate Strangers (Confidences trop intimes),Maryin,"88,63"
Christmas Vacation (National Lampoon's Christmas Vacation),Arthurs,"22,69"
Manhunt,Sillick,"15,51"
Murder by Proxy: How America Went Postal,Pennrington,"98,75"
Terms and Conditions May Apply,Klesse,"43,78"
Butterfly Kiss,Slate,"86,06"
Tammy,Cadore,"97,74"
At First Sight,Hallen,"48,98"
Santa Who?,Bergin,"84,16"
Rambo (Rambo 4),Hosburn,"55,71"
Gunbuster (Top wo Narae),De Santos,"39,48"
Grosse Pointe Blank,Janczyk,"57,08"
Diner,St. John,"73,12"
Black Sunday,Muino,"62,47"
Indiana Jones and the Temple of Doom,Bartolomeo,"30,84"
Stander,Quin,"59,26"
Rio Lobo,O'Cahill,"30,45"
Triple Agent,Anmore,"13,75"
Midnight Express,Giovannacci,"23,13"
